<?xml version="1.0" encoding="UTF-8"?>
<beans xmlns="http://www.springframework.org/schema/beans"
       xmlns:xsi="http://www.w3.org/2001/XMLSchema-instance"
       xmlns:jpa="http://www.springframework.org/schema/data/jpa"
       xmlns:tx="http://www.springframework.org/schema/tx"
       xmlns:context="http://www.springframework.org/schema/context"
       xsi:schemaLocation="http://www.springframework.org/schema/beans
        http://www.springframework.org/schema/beans/spring-beans.xsd
        http://www.springframework.org/schema/data/jpa
        http://www.springframework.org/schema/data/jpa/spring-jpa.xsd
        http://www.springframework.org/schema/tx
        http://www.springframework.org/schema/tx/spring-tx.xsd
        http://www.springframework.org/schema/context
        http://www.springframework.org/schema/context/spring-context.xsd">

    <context:annotation-config/>

    <tx:annotation-driven />

    <bean id="myEmf" class="org.springframework.orm.jpa.LocalContainerEntityManagerFactoryBean">
        <property name="jpaVendorAdapter" ref="jpaVendorAdapter"/>
        <!--property name="dataSource" ref="myDataSource" /-->
        <property name="persistenceUnitName" value="persistenceUnit" />
    </bean>

    <bean id="jpaVendorAdapter" class="org.springframework.orm.jpa.vendor.HibernateJpaVendorAdapter">
        <property name="showSql" value="true"/>
        <property name="generateDdl" value="true"/>
        <property name="databasePlatform" value="org.hibernate.dialect.DerbyDialect"/>
    </bean>

    <!--bean id="myDataSource" class="org.apache.commons.dbcp.BasicDataSource" destroy-method="close">
        <property name="driverClassName" value="org.apache.derby.jdbc.EmbeddedDriver"/>
        <property name="url" value="jdbc:derby:simpleDb;create=true"/>
        <property name="username" value="data"/>
        <property name="password" value="data"/>
    </bean-->

    <bean id="transactionManager" class="org.springframework.orm.jpa.JpaTransactionManager">
        <property name="entityManagerFactory" ref="myEmf" />
    </bean>




</beans>