<beans:beans xmlns="http://www.springframework.org/schema/security"
             xmlns:beans="http://www.springframework.org/schema/beans"
             xmlns:xsi="http://www.w3.org/2001/XMLSchema-instance"
             xsi:schemaLocation="http://www.springframework.org/schema/beans http://www.springframework.org/schema/beans/spring-beans-4.1.xsd
    http://www.springframework.org/schema/security http://www.springframework.org/schema/security/spring-security-4.1.xsd">

    <http auto-config="true" >
        <intercept-url pattern="/" access="permitAll" />
        <intercept-url pattern="/home" access="permitAll" />
        <intercept-url pattern="/admin**" access="hasRole('ADMIN')" />
        <intercept-url pattern="/admin/**" access="hasRole('ADMIN')" />
        <intercept-url pattern="/dba**" access="hasRole('ADMIN') and hasRole('DBA')" />
        <intercept-url pattern="/dba/**" access="hasRole('ADMIN') and hasRole('DBA')" />
        <form-login  authentication-failure-url="/denied.html" login-page="/login" />
    </http>

    <authentication-manager >
        <authentication-provider>
            <user-service>
                <user name="bill"  password="abc123"  authorities="ROLE_USER" />
                <user name="admin" password="root123" authorities="ROLE_ADMIN" />
                <user name="dba"   password="root123" authorities="ROLE_ADMIN,ROLE_DBA" />
            </user-service>
        </authentication-provider>
    </authentication-manager>

    <global-method-security secured-annotations="enabled" />
</beans:beans>
